id,feature_1,feature_2,feature_3,category,target
1,193.52,127.38,56.03,C,0
2,475.85,334.3,53.16,A,1
3,368.68,526.31,181.72,E,1
4,303.34,444.69,53.66,C,0
5,86.45,487.81,58.03,B,0
6,86.44,402.09,153.08,C,0
7,38.46,421.52,92.7,C,0
8,434.43,512.53,156.46,B,1
9,304.55,164.81,17.75,D,0
10,356.96,303.87,100.08,D,1
11,20.09,148.3,11.55,A,0
12,485.26,592.85,17.22,A,1
13,417.9,567.55,181.76,D,1
14,114.05,42.87,32.15,E,0
15,99.09,429.23,108.82,C,0
16,99.87,556.64,85.16,E,0
17,159.08,124.73,72.73,C,0
18,267.13,349.41,180.47,D,0
19,221.65,550.98,9.26,A,0
20,152.7,39.69,134.44,A,0
21,309.81,424.5,192.86,E,1
22,78.35,192.46,114.23,A,0
23,153.15,556.15,187.68,D,0
24,189.52,583.21,15.19,E,1
25,233.47,567.67,86.66,C,0
26,394.74,295.04,55.73,A,0
27,107.84,519.98,147.51,B,0
28,261.97,509.84,196.35,A,1
29,300.28,205.08,55.02,C,0
30,32.76,500.77,132.56,E,0
31,307.7,41.46,43.63,C,0
32,93.56,365.84,115.24,B,0
33,41.88,153.41,95.47,D,0
34,474.95,89.93,194.54,A,0
35,483.16,64.63,123.66,E,1
36,406.11,423.85,73.15,D,1
37,159.26,217.13,27.25,C,0
38,57.86,440.36,34.49,E,0
39,345.27,57.91,48.94,D,1
40,225.67,202.87,53.94,E,1
41,69.8,332.9,170.87,B,0
42,252.64,478.62,114.44,B,1
43,26.85,204.88,107.06,A,0
44,455.57,383.02,27.38,A,1
45,136.8,533.87,172.73,B,0
46,334.64,377.2,145.95,E,1
47,162.74,155.12,18.2,B,0
48,264.83,34.15,143.03,A,0
49,277.89,524.66,110.99,B,1
50,100.58,32.34,20.94,B,1
51,485.1,527.33,94.37,E,1
52,389.82,326.78,99.52,D,1
53,470.35,564.66,37.33,A,1
54,448.47,483.29,189.41,E,1
55,302.97,598.8,170.75,B,1
56,461.72,223.41,135.46,B,0
57,53.36,464.97,95.15,D,1
58,106.03,253.12,85.29,A,0
59,32.16,298.33,131.94,A,0
60,169.41,383.95,111.36,C,0
61,200.45,526.73,17.14,A,0
62,142.96,590.77,104.94,D,0
63,416.08,465.6,162.25,C,1
64,184.81,262.3,94.55,C,0
65,147.66,264.39,15.13,B,0
66,275.92,447.8,158.32,B,1
67,79.05,158.49,44.27,A,0
68,403.08,84.07,55.43,C,0
69,46.53,225.68,37.12,B,0
70,493.57,186.6,69.39,D,0
71,388.4,191.86,152.57,B,0
72,107.37,155.49,106.28,B,1
73,12.71,44.41,44.95,C,0
74,409.58,30.37,176.18,C,0
75,356.36,592.88,176.52,E,0
76,367.21,268.11,174.76,D,0
77,387.92,242.91,51.57,C,0
78,46.28,414.2,92.99,A,0
79,185.65,146.59,197.07,D,0
80,66.78,570.98,155.54,D,0
81,432.92,476.08,10.3,C,1
82,315.42,71.86,17.71,D,0
83,172.14,262.2,95.47,C,0
84,41.14,529.89,182.3,B,1
85,162.38,567.94,110.05,E,0
86,169.34,291.09,102.07,B,1
87,367.51,375.78,25.57,C,1
88,322.4,116.88,133.07,C,0
89,444.73,594.88,165.31,B,1
90,241.39,154.37,79.18,A,0
91,68.6,566.78,156.24,A,0
92,359.49,396.8,193.07,A,1
93,382.78,372.49,44.73,C,1
94,285.03,317.36,107.05,D,0
95,387.77,153.79,60.99,C,0
96,251.96,122.39,159.61,D,0
97,266.14,147.88,117.63,B,0
98,219.5,128.13,128.74,E,0
99,22.46,472.16,160.59,D,0
100,62.87,223.07,82.21,A,0
101,25.4,53.55,183.44,C,0
102,321.84,582.08,108.94,B,0
103,164.03,532.6,35.8,A,0
104,259.2,558.1,140.7,B,1
105,454.71,597.05,159.69,E,1
106,132.15,120.86,66.77,C,0
107,211.09,249.82,172.15,C,0
108,380.22,459.78,181.7,E,1
109,122.11,423.69,59.0,C,1
110,47.72,109.26,196.79,D,0
111,151.98,493.18,32.44,B,0
112,89.0,150.18,44.39,A,1
113,465.55,149.81,40.92,E,0
114,405.98,331.45,179.33,D,1
115,320.37,363.91,132.59,A,1
116,437.02,356.45,34.66,A,1
117,403.8,73.06,90.86,E,0
118,101.42,528.93,124.98,D,0
119,447.35,174.05,21.28,A,0
120,274.28,95.12,177.07,A,0
121,405.65,535.47,161.7,D,1
122,449.08,574.28,103.52,C,1
123,165.82,520.03,193.59,A,0
124,63.93,489.52,86.46,B,0
125,121.69,400.04,196.9,D,0
126,219.28,339.5,135.24,A,0
127,410.83,70.45,128.76,E,0
128,431.76,256.9,37.36,B,1
129,13.41,236.16,176.98,A,0
130,260.27,170.66,88.36,B,0
131,214.53,439.58,36.64,B,0
132,118.83,307.61,7.46,C,0
133,68.73,67.01,114.15,B,0
134,175.43,147.71,107.84,C,1
135,472.03,416.29,145.27,D,1
136,168.37,64.16,178.6,C,0
137,264.21,513.7,20.48,E,1
138,354.48,307.18,147.64,A,0
139,188.18,298.74,41.55,D,0
140,486.17,363.6,172.34,D,0
141,481.6,498.31,164.72,E,1
142,133.37,221.73,110.45,C,0
143,253.65,413.25,143.5,A,1
144,157.43,348.12,66.3,C,0
145,149.57,174.88,96.88,B,0
146,28.07,529.61,165.22,C,0
147,308.69,482.51,94.56,D,1
148,256.31,401.9,74.77,A,1
149,35.22,513.34,101.37,C,0
150,146.54,523.03,166.51,A,0
151,455.05,430.85,70.37,A,1
152,127.39,505.47,38.88,B,0
153,81.0,424.53,143.84,B,0
154,249.83,414.48,166.07,D,0
155,492.97,378.79,24.62,E,1
156,128.61,456.58,51.78,A,0
157,339.35,111.99,32.68,E,0
158,383.19,530.91,72.85,D,1
159,126.44,525.67,92.82,A,0
160,366.83,36.96,151.02,A,0
161,190.21,498.97,131.97,E,0
162,319.83,94.74,126.08,C,0
163,320.43,214.37,73.71,B,0
164,272.53,451.23,169.08,C,1
165,54.24,113.24,96.9,E,0
166,419.3,494.42,195.93,B,1
167,167.18,502.64,128.66,C,0
168,101.39,314.33,29.62,B,0
169,29.98,23.7,136.85,A,0
170,299.54,186.48,68.4,C,1
171,342.01,377.82,138.83,B,1
172,18.13,589.09,18.58,B,0
173,260.93,386.45,39.1,B,1
174,120.98,170.69,171.87,C,0
175,326.13,387.72,49.3,D,1
176,95.44,333.19,168.22,C,0
177,348.56,472.31,59.46,E,1
178,199.5,82.05,130.36,C,0
179,469.0,461.4,140.36,B,0
180,77.39,333.93,104.97,A,0
181,177.12,578.54,64.54,C,0
182,65.6,218.29,46.47,C,0
183,463.1,386.92,11.47,B,1
184,439.9,560.58,64.27,A,1
185,136.39,79.46,132.37,A,0
186,333.39,563.59,187.97,E,1
187,410.44,418.97,174.88,C,1
188,282.05,59.35,154.38,A,0
189,269.53,194.56,158.75,A,0
190,128.51,430.74,134.67,D,0
191,55.62,59.06,55.76,D,1
192,449.64,357.66,181.9,A,1
193,451.2,220.61,135.79,E,0
194,320.22,380.13,114.29,A,1
195,176.12,46.53,26.64,B,0
196,181.11,525.49,92.18,C,0
197,365.72,584.62,94.77,E,1
198,449.58,581.95,173.59,B,0
199,444.67,454.8,111.6,E,1
200,392.14,95.45,79.18,B,0
201,324.6,459.79,195.48,C,1
202,51.23,34.26,26.59,C,0
203,89.2,32.83,87.4,D,0
204,450.29,207.69,13.19,B,0
205,307.15,303.41,149.28,D,1
206,14.51,466.84,184.02,B,0
207,59.72,416.31,59.61,D,0
208,335.12,278.62,172.38,C,1
209,12.48,178.7,61.98,E,0
210,88.8,598.33,182.6,D,0
211,278.88,267.19,152.02,B,0
212,349.03,281.8,161.96,B,0
213,329.46,114.9,8.51,C,0
214,119.89,480.99,192.75,B,0
215,358.97,422.34,146.7,A,1
216,126.25,148.05,64.43,E,0
217,169.45,67.78,166.73,D,0
218,375.78,414.69,59.9,E,0
219,328.32,399.62,175.19,C,1
220,426.12,178.49,26.95,D,0
221,332.23,571.5,142.22,D,1
222,288.47,107.61,110.44,A,0
223,55.9,270.75,23.82,C,0
224,190.18,567.3,52.17,B,0
225,139.95,263.44,7.42,A,0
226,129.55,390.35,96.41,A,0
227,486.78,250.6,63.75,E,0
228,202.62,179.04,121.68,E,0
229,447.1,590.71,62.96,E,1
230,319.26,257.41,63.48,A,0
231,399.46,538.58,149.92,B,1
232,256.29,153.37,14.39,D,0
233,292.68,143.6,181.06,E,0
234,251.33,38.06,171.19,B,0
235,105.67,397.97,135.22,C,0
236,364.0,233.75,120.68,E,0
237,147.58,521.33,179.0,D,0
238,21.91,294.46,41.14,C,0
239,326.28,581.55,20.4,C,1
240,96.78,127.6,51.7,D,0
241,470.82,523.8,159.94,E,1
242,477.43,470.43,11.76,A,1
243,458.28,467.13,118.65,D,1
244,191.38,509.97,199.11,D,0
245,17.57,461.39,171.86,D,1
246,464.88,383.21,106.68,C,1
247,219.81,96.12,17.41,B,0
248,483.66,38.87,167.12,A,1
249,482.17,554.09,121.8,E,0
250,427.97,377.66,27.41,E,1
251,154.28,481.99,23.3,B,0
252,198.7,299.28,182.38,D,0
253,427.06,88.04,135.49,A,0
254,165.29,92.61,166.71,E,0
255,93.05,417.63,176.4,E,0
256,282.83,269.58,116.5,D,0
257,468.72,136.3,105.9,B,1
258,351.05,305.12,88.93,A,1
259,289.33,57.24,66.8,B,0
260,57.62,357.54,89.75,B,0
261,311.35,176.02,155.91,A,0
262,495.13,482.58,122.38,A,1
263,78.64,200.01,179.04,E,0
264,263.98,284.03,91.46,E,0
265,439.91,26.74,123.38,A,0
266,372.98,62.02,128.1,C,0
267,351.54,247.65,120.38,E,1
268,354.22,298.36,142.01,C,0
269,186.15,368.01,51.3,A,0
270,153.86,189.16,104.91,E,0
271,406.59,423.09,25.32,B,1
272,406.96,518.87,79.98,A,1
273,434.87,472.31,100.1,D,1
274,457.49,42.98,132.18,C,0
275,260.56,298.69,190.35,A,0
276,255.74,80.86,122.13,A,0
277,401.16,160.39,150.0,E,0
278,328.48,592.26,103.72,E,1
279,353.96,102.65,128.65,E,0
280,399.94,309.36,18.83,D,1
281,446.1,378.53,54.61,E,1
282,175.62,427.43,75.56,A,0
283,194.04,344.6,97.14,E,0
284,56.05,25.67,13.9,B,0
285,293.36,209.35,32.3,E,0
286,27.61,320.27,58.98,D,0
287,238.14,70.96,194.45,B,0
288,275.9,223.36,69.61,A,0
289,150.41,39.26,99.0,A,0
290,299.51,65.58,43.24,C,0
291,24.95,250.22,124.1,B,0
292,28.3,96.98,59.73,C,0
293,413.07,349.17,45.36,B,0
294,186.49,419.89,105.73,B,0
295,72.26,484.34,6.07,D,1
296,265.9,136.09,6.49,C,1
297,387.3,117.14,47.72,D,0
298,115.75,80.65,12.16,B,0
299,315.22,389.13,26.07,A,0
300,51.82,429.76,71.08,B,0
301,35.32,38.32,161.5,D,0
302,270.36,563.0,116.55,C,1
303,274.91,50.14,104.97,C,0
304,322.34,333.95,62.23,D,1
305,365.78,431.26,186.69,C,1
306,488.17,525.16,82.42,E,1
307,262.99,434.17,21.98,A,1
308,168.25,485.0,125.33,A,1
309,399.64,216.88,27.2,A,0
310,142.71,492.6,72.32,C,0
311,225.1,66.47,103.95,C,0
312,48.44,538.99,175.47,B,0
313,22.42,337.6,101.24,B,0
314,481.7,494.03,141.94,A,0
315,419.63,282.34,198.6,E,0
316,351.03,393.28,30.64,B,1
317,210.39,325.31,58.57,B,0
318,94.91,444.32,81.94,C,0
319,86.65,67.35,87.26,E,1
320,132.62,55.0,85.15,A,0
321,279.12,163.32,181.98,B,0
322,360.15,112.54,144.24,E,0
323,333.5,525.63,123.54,E,0
324,147.17,147.14,65.33,A,0
325,477.88,586.0,165.64,E,1
326,371.57,215.4,191.24,E,0
327,281.63,125.63,165.13,E,1
328,309.74,478.03,5.31,B,1
329,215.6,402.05,129.1,A,0
330,131.39,308.95,14.97,E,0
331,184.43,342.11,55.23,E,0
332,381.34,437.14,16.61,B,1
333,17.05,152.5,122.74,A,0
334,66.88,597.87,138.89,C,1
335,32.54,585.38,27.33,B,0
336,29.96,397.19,79.85,A,1
337,429.18,135.73,93.97,E,0
338,354.79,414.53,76.97,A,1
339,242.35,61.88,28.6,A,0
340,57.94,37.78,86.69,A,0
341,250.89,169.46,151.48,C,1
342,242.0,288.32,18.85,A,0
343,94.87,523.6,20.64,C,0
344,222.59,441.76,74.18,E,0
345,205.27,450.77,188.64,C,0
346,311.77,266.79,135.37,E,0
347,321.2,220.64,137.34,E,0
348,32.2,235.2,75.57,C,1
349,193.56,592.84,120.76,B,0
350,316.67,43.26,6.98,D,0
351,256.54,522.88,129.04,A,1
352,429.68,355.63,183.09,D,0
353,332.76,274.4,124.45,A,0
354,89.84,440.65,175.37,A,0
355,44.58,302.27,146.17,E,0
356,324.79,526.59,28.51,A,1
357,22.99,542.41,180.98,A,0
358,297.03,264.6,17.96,C,1
359,470.71,180.56,109.12,D,0
360,291.98,363.56,32.72,C,1
361,200.2,549.17,7.28,A,0
362,325.21,142.18,87.3,E,0
363,234.54,381.32,62.53,C,0
364,277.35,386.3,99.77,C,1
365,471.32,445.21,117.55,B,1
366,199.19,96.31,13.53,A,0
367,480.98,435.18,28.99,E,1
368,453.62,547.24,113.94,C,1
369,105.94,124.22,71.92,C,1
370,43.99,157.78,147.19,E,0
371,59.38,583.41,132.2,A,0
372,18.93,124.97,169.89,B,0
373,56.28,515.54,140.04,C,0
374,344.67,305.52,88.84,B,1
375,44.88,163.39,136.23,D,0
376,166.3,525.03,58.7,A,0
377,423.99,278.28,64.73,D,0
378,21.4,318.59,158.85,D,0
379,409.09,228.36,92.05,D,0
380,148.11,363.91,160.68,A,0
381,67.9,114.84,165.37,A,0
382,351.4,246.83,172.22,E,0
383,318.18,582.26,183.74,B,1
384,439.96,169.72,89.04,B,0
385,370.18,400.91,67.18,E,1
386,403.71,208.61,118.53,E,0
387,148.2,468.61,77.38,D,1
388,96.95,95.91,122.21,E,0
389,377.8,582.5,142.59,C,1
390,405.35,283.2,139.24,B,0
391,495.35,156.91,78.04,E,0
392,212.18,62.63,37.54,C,1
393,192.29,118.46,88.95,C,0
394,390.44,321.47,32.81,C,1
395,176.99,215.46,178.57,C,0
396,466.07,500.75,72.45,D,1
397,430.62,269.91,35.12,C,0
398,220.21,164.25,9.96,D,0
399,377.93,377.94,130.94,D,0
400,379.73,429.93,129.2,C,1
401,60.53,116.88,71.42,B,0
402,452.25,117.22,18.98,C,1
403,257.57,41.27,84.88,C,0
404,414.96,447.11,65.69,C,0
405,166.82,405.01,137.04,B,1
406,448.81,295.29,123.13,A,0
407,200.71,509.62,76.1,A,0
408,15.31,487.29,47.49,D,0
409,453.64,359.51,197.67,D,0
410,54.73,523.6,93.53,B,0
411,166.46,139.39,139.21,E,0
412,475.53,84.91,32.41,A,1
413,475.8,176.45,99.69,D,1
414,290.98,53.11,10.37,A,0
415,319.6,328.08,103.56,B,1
416,229.74,563.23,192.98,B,1
417,153.67,42.82,79.92,E,0
418,171.05,90.82,12.6,E,1
419,339.53,282.28,11.04,B,0
420,378.66,561.65,80.66,D,1
421,397.87,203.37,36.2,A,0
422,396.91,314.2,9.55,C,1
423,54.69,44.11,152.46,E,0
424,252.27,106.04,94.41,C,0
425,38.2,592.25,61.4,D,0
426,279.27,579.77,180.52,E,1
427,226.35,22.87,27.65,C,0
428,444.98,572.05,191.4,D,1
429,181.95,390.69,66.22,A,0
430,67.36,523.39,178.24,D,0
431,80.07,283.75,122.57,E,0
432,383.14,319.05,166.21,B,1
433,312.93,303.53,196.88,A,1
434,59.55,406.78,61.24,C,0
435,51.21,101.0,192.42,E,1
436,353.47,37.38,80.95,B,1
437,45.65,198.6,80.17,D,0
438,412.71,428.71,71.38,B,0
439,356.06,137.08,110.57,E,0
440,49.86,410.59,35.06,E,0
441,51.57,582.55,112.97,B,0
442,493.45,74.46,110.63,D,0
443,193.39,410.11,153.57,B,0
444,191.61,277.38,167.56,E,0
445,408.27,523.52,90.89,E,1
446,474.15,122.75,63.95,C,0
447,493.14,421.72,55.57,C,1
448,379.16,506.11,42.95,A,1
449,194.37,567.88,16.24,E,0
450,50.92,416.28,71.78,C,0
451,390.8,308.36,57.7,B,1
452,283.62,378.35,193.45,D,1
453,217.87,523.96,113.75,B,1
454,454.11,350.95,72.72,D,1
455,64.49,37.62,118.19,C,0
456,251.39,559.95,32.14,A,1
457,15.56,419.93,91.59,B,0
458,239.64,412.38,127.12,B,0
459,37.59,145.09,100.34,B,0
460,68.22,402.15,83.35,D,0
461,67.59,248.44,198.8,C,0
462,328.11,397.72,176.66,B,1
463,375.56,81.82,126.56,B,0
464,295.85,401.55,116.03,A,1
465,481.46,599.66,126.03,A,1
466,193.69,47.96,44.26,C,0
467,150.0,586.76,82.05,C,0
468,435.61,256.01,12.69,E,0
469,119.56,525.04,97.73,A,0
470,481.98,473.78,110.89,E,1
471,15.96,348.87,49.41,D,0
472,485.24,448.3,192.99,E,0
473,31.15,529.54,182.34,B,0
474,446.66,254.4,145.82,E,1
475,268.57,209.68,109.01,C,0
476,496.55,407.2,174.64,D,1
477,46.16,488.55,30.48,B,0
478,281.39,462.13,159.15,E,1
479,484.96,482.73,29.34,D,1
480,266.32,272.64,159.87,D,0
481,318.41,494.34,58.77,B,1
482,350.92,89.72,176.03,E,0
483,232.73,335.8,189.09,D,0
484,317.5,23.34,34.02,D,1
485,296.31,208.26,95.22,A,0
486,451.57,232.55,196.29,D,0
487,32.27,249.78,99.26,A,0
488,147.67,423.37,173.39,E,0
489,475.7,245.36,119.8,E,0
490,446.23,280.24,78.19,E,1
491,233.27,157.78,60.73,C,0
492,313.86,236.49,44.63,E,0
493,145.92,151.82,153.55,D,0
494,102.18,62.45,80.38,B,0
495,237.21,370.0,104.7,A,0
496,183.14,407.56,101.0,C,0
497,295.99,379.3,117.57,E,0
498,48.09,288.83,173.79,E,0
499,487.45,240.28,196.24,B,1
500,493.24,520.73,84.48,B,1
501,352.1,321.07,166.37,C,1
502,272.69,297.93,154.08,A,0
503,161.67,34.87,116.84,E,0
504,408.76,217.92,191.43,C,1
505,345.52,240.51,44.09,D,0
506,89.68,251.32,26.31,D,0
507,456.35,356.5,171.52,C,1
508,413.04,329.49,90.63,E,1
509,475.4,372.58,170.16,C,1
510,365.6,463.63,179.15,E,1
511,310.57,491.53,17.18,B,1
512,214.94,436.51,177.28,C,0
513,467.04,574.2,92.42,E,1
514,434.37,30.57,104.53,C,0
515,32.16,133.55,127.19,C,0
516,22.92,24.39,185.64,E,1
517,194.47,395.54,8.73,E,0
518,407.17,540.86,97.98,A,1
519,493.77,161.22,139.11,C,0
520,83.7,557.68,145.93,D,0
521,301.12,54.96,140.04,C,0
522,196.64,561.97,31.21,C,0
523,485.26,223.94,63.38,E,0
524,422.64,78.82,74.95,C,0
525,420.78,301.81,161.87,C,0
526,239.66,168.93,59.36,D,0
527,213.26,185.23,46.09,E,0
528,143.97,198.23,191.7,C,0
529,37.62,485.76,6.73,B,0
530,433.71,332.71,199.58,A,0
531,408.32,200.56,136.98,D,0
532,499.86,373.99,166.55,C,1
533,498.35,435.37,62.45,B,1
534,282.16,178.12,7.79,C,0
535,386.8,259.86,148.88,C,0
536,472.94,90.69,167.66,E,0
537,426.33,125.07,149.39,E,0
538,131.2,415.05,32.86,E,0
539,230.77,125.23,151.92,B,0
540,73.29,324.59,154.94,C,0
541,477.49,431.25,133.42,A,1
542,307.03,81.99,154.39,D,0
543,122.03,349.04,169.95,E,0
544,339.13,168.81,124.65,E,0
545,312.88,578.5,22.28,C,1
546,185.5,300.46,100.09,C,0
547,65.64,487.48,20.14,B,0
548,339.07,339.13,84.47,B,1
549,264.95,45.18,84.39,E,0
550,388.44,387.23,17.87,C,0
551,264.88,571.81,73.02,A,0
552,427.57,368.93,26.64,D,0
553,280.43,495.13,162.61,C,1
554,284.86,532.84,189.8,C,1
555,439.56,152.29,19.1,B,0
556,207.71,142.99,191.25,D,0
557,75.67,374.37,106.9,E,0
558,24.1,258.4,63.42,C,0
559,380.02,507.12,19.99,E,1
560,313.95,542.01,102.62,C,0
561,355.0,224.98,159.93,E,0
562,114.35,157.38,142.88,D,0
563,76.82,472.7,14.79,B,0
564,17.13,179.39,19.22,D,1
565,181.79,497.12,83.56,A,0
566,299.06,265.77,62.58,B,0
567,202.2,407.18,50.31,D,1
568,224.36,75.41,59.8,A,0
569,453.04,381.84,161.68,C,1
570,180.65,282.03,186.2,C,0
571,261.85,360.23,84.0,E,1
572,393.99,117.45,181.69,B,0
573,204.31,447.39,67.69,C,0
574,314.82,520.42,97.91,B,0
575,432.56,145.71,49.08,C,1
576,475.27,75.51,129.89,E,0
577,82.07,33.71,195.9,D,0
578,464.03,392.34,122.68,E,1
579,251.14,372.11,74.77,A,1
580,136.54,337.08,131.32,C,0
581,234.98,154.53,28.97,A,0
582,490.22,246.73,178.29,A,0
583,251.38,364.8,103.1,B,1
584,171.09,308.12,92.62,C,1
585,320.37,592.92,119.24,A,1
586,127.67,99.14,126.83,D,0
587,47.17,423.18,19.0,A,0
588,73.15,254.5,138.11,D,0
589,72.74,268.36,52.18,B,0
590,84.43,436.21,144.22,A,0
591,78.03,421.61,165.39,E,0
592,324.03,594.93,161.77,B,1
593,99.12,94.47,112.74,D,0
594,179.38,80.38,106.43,B,0
595,449.43,440.12,32.86,A,1
596,242.24,355.46,156.19,C,1
597,337.1,179.01,57.92,C,0
598,94.44,66.06,101.86,D,1
599,104.22,69.68,60.43,D,0
600,30.03,538.63,31.1,C,1
601,92.78,131.28,127.76,D,0
602,146.51,207.56,15.59,B,0
603,96.74,151.46,150.99,E,0
604,53.46,225.9,66.93,E,0
605,69.11,60.27,5.03,B,0
606,235.78,321.05,104.67,E,0
607,111.1,59.22,14.14,A,0
608,188.49,484.21,58.85,B,0
609,256.67,155.55,142.86,D,0
610,348.29,333.21,17.22,B,1
611,29.26,530.45,168.67,C,0
612,401.71,397.51,5.74,D,1
613,317.67,329.12,53.13,C,1
614,50.06,208.11,149.48,D,0
615,438.05,213.14,66.67,E,0
616,461.23,408.3,24.87,B,1
617,39.93,596.6,75.25,A,1
618,145.67,403.87,57.73,D,0
619,405.04,343.51,169.33,D,1
620,376.65,443.78,66.1,C,1
621,100.42,289.82,158.84,E,0
622,112.58,54.88,178.92,C,0
623,191.53,346.13,89.59,C,0
624,247.42,575.42,182.44,E,0
625,312.94,121.68,78.58,A,0
626,190.77,420.2,193.0,C,0
627,236.64,136.54,22.41,C,0
628,376.26,330.78,138.97,D,1
629,27.97,76.07,101.29,E,0
630,133.69,281.22,80.59,B,0
631,359.54,458.57,128.38,A,1
632,448.65,221.59,142.25,A,1
633,260.72,405.65,5.85,E,0
634,270.74,481.36,37.56,D,1
635,62.51,557.76,144.04,D,0
636,229.23,156.09,134.95,E,0
637,270.98,251.6,193.38,D,0
638,128.81,108.4,153.4,A,0
639,141.93,595.64,190.4,A,0
640,194.87,557.66,142.0,B,0
641,19.83,333.18,63.12,E,0
642,167.82,508.38,25.55,C,1
643,113.61,322.16,157.46,C,0
644,170.47,381.68,130.61,B,0
645,68.68,71.69,14.4,B,0
646,446.36,458.06,75.21,D,1
647,300.86,94.07,191.58,B,0
648,342.76,499.12,102.58,B,1
649,396.69,473.58,89.38,C,1
650,254.24,431.07,94.25,D,1
651,52.59,40.97,45.73,B,0
652,273.18,195.81,76.9,B,0
653,297.55,172.61,77.11,D,0
654,375.27,228.88,15.21,E,1
655,221.51,70.83,154.68,D,0
656,72.51,563.44,86.22,C,0
657,149.05,341.21,165.33,E,0
658,187.91,197.2,170.82,A,0
659,326.5,250.25,46.34,D,0
660,289.68,279.38,133.18,C,0
661,184.49,368.34,97.09,E,0
662,493.39,319.09,176.63,D,1
663,306.83,553.25,47.07,B,1
664,126.24,308.24,137.17,D,0
665,59.87,595.45,123.51,A,0
666,84.9,513.83,62.58,D,0
667,130.52,140.94,31.64,E,0
668,88.73,559.75,132.07,E,0
669,101.42,87.49,149.03,D,0
670,149.7,494.12,66.55,E,0
671,94.95,240.76,130.74,B,0
672,449.42,529.23,82.05,D,1
673,49.31,523.47,144.08,B,0
674,267.01,487.44,43.85,B,1
675,211.09,478.22,178.59,C,1
676,491.37,196.71,61.04,D,0
677,64.9,66.93,76.72,E,0
678,204.95,253.73,16.33,B,0
679,485.04,120.64,26.74,C,0
680,434.1,423.07,105.59,D,1
681,410.37,220.74,57.18,D,1
682,136.37,585.85,167.92,A,0
683,93.73,391.76,7.87,A,0
684,337.64,497.04,78.92,B,1
685,465.39,96.86,70.78,A,0
686,282.81,519.97,8.77,B,1
687,290.09,555.2,29.25,E,1
688,147.19,302.5,85.66,B,0
689,387.05,371.63,101.11,A,1
690,101.65,463.59,83.84,E,0
691,168.6,121.41,108.53,A,0
692,218.46,311.49,121.05,B,0
693,258.73,251.22,6.94,C,0
694,128.78,104.9,95.5,D,0
695,66.27,233.17,192.88,A,0
696,309.2,59.54,106.21,B,0
697,151.43,34.97,137.12,E,0
698,294.81,98.4,65.81,A,0
699,85.64,578.61,155.93,A,0
700,245.76,338.73,155.72,D,0
701,270.97,580.18,106.65,B,1
702,35.39,270.85,195.32,C,0
703,174.94,200.85,29.48,E,0
704,75.86,313.56,8.3,B,0
705,41.05,274.92,155.18,E,0
706,495.08,81.29,162.4,A,0
707,167.95,391.68,28.44,D,0
708,406.84,145.3,56.79,D,0
709,134.77,379.36,8.42,C,0
710,343.94,397.12,62.2,D,1
711,382.51,108.17,155.76,A,0
712,301.86,55.58,106.0,C,0
713,241.07,472.84,72.88,B,0
714,211.8,286.68,77.49,D,0
715,180.95,53.74,5.26,C,0
716,465.47,597.02,63.46,A,1
717,417.0,53.51,131.06,E,0
718,482.86,423.12,194.97,E,1
719,70.91,590.53,170.18,A,0
720,368.13,158.72,9.6,A,0
721,469.79,102.5,180.22,E,0
722,98.8,90.4,157.72,C,0
723,42.58,195.9,157.17,E,0
724,373.15,78.61,94.31,A,1
725,291.49,421.45,82.61,D,1
726,422.5,56.13,64.07,B,0
727,78.49,315.46,17.81,D,0
728,399.68,598.08,49.51,D,1
729,108.8,492.1,53.09,A,0
730,90.19,376.83,99.4,E,0
731,90.49,197.63,150.75,C,0
732,409.14,381.86,97.39,D,1
733,335.95,325.68,16.28,E,0
734,266.3,267.13,191.77,C,0
735,185.83,95.81,188.83,D,0
736,439.83,534.23,158.11,C,1
737,202.3,280.88,198.31,E,0
738,410.13,132.88,111.17,B,0
739,225.18,233.3,192.74,E,0
740,194.7,260.2,19.74,A,0
741,236.71,499.97,76.31,C,0
742,157.68,445.5,48.95,B,0
743,376.33,466.2,43.19,C,1
744,256.33,26.4,32.46,C,1
745,123.78,261.37,126.37,D,0
746,450.79,299.18,157.36,A,0
747,198.11,31.13,117.77,C,0
748,276.34,170.69,33.66,E,0
749,454.17,460.97,163.17,E,0
750,315.88,99.52,129.01,D,0
751,67.28,330.48,80.69,A,0
752,470.52,144.82,136.46,A,0
753,317.58,27.03,55.68,E,1
754,174.1,159.9,72.31,B,0
755,78.24,586.01,183.91,D,0
756,399.07,484.89,61.65,D,1
757,313.84,576.55,96.65,E,1
758,271.4,302.96,178.58,E,1
759,448.01,83.65,143.01,B,1
760,396.41,337.82,17.13,B,1
761,84.32,283.54,33.72,A,0
762,162.74,509.73,6.53,D,0
763,131.76,76.89,128.03,D,0
764,374.53,303.18,92.3,E,1
765,26.43,107.03,31.18,A,1
766,289.25,208.31,191.8,D,0
767,383.6,447.67,108.28,A,1
768,439.62,296.09,52.17,A,0
769,177.62,238.02,102.62,E,0
770,412.42,248.8,137.53,A,0
771,64.21,286.48,19.87,B,0
772,424.76,475.31,58.57,B,1
773,72.47,537.41,162.36,C,0
774,204.67,574.09,94.63,E,0
775,400.67,476.4,111.58,C,1
776,83.46,202.94,89.4,B,0
777,122.33,419.12,13.56,C,1
778,363.9,273.81,37.32,E,0
779,362.82,167.71,91.88,E,0
780,324.16,507.71,45.79,A,1
781,350.03,42.29,14.75,D,0
782,275.93,543.02,169.51,A,1
783,133.38,287.66,196.33,E,0
784,179.39,389.58,159.66,B,0
785,98.98,402.43,171.49,B,0
786,455.14,539.17,52.19,A,1
787,295.86,389.27,192.32,E,1
788,206.42,376.08,43.4,B,1
789,236.38,58.66,190.53,E,0
790,474.17,320.68,198.99,B,1
791,85.14,107.1,143.79,E,0
792,297.25,447.71,196.32,C,1
793,257.89,317.09,116.06,E,1
794,309.61,414.53,55.61,E,1
795,18.87,44.17,90.21,A,1
796,437.34,69.18,120.74,C,1
797,466.74,435.47,19.25,D,1
798,286.92,61.81,126.36,A,0
799,351.36,61.33,196.33,D,1
800,462.02,27.02,42.07,B,0
801,356.55,574.77,159.56,D,0
802,84.74,447.75,182.04,E,0
803,292.38,224.89,189.02,D,0
804,307.29,191.99,192.23,A,0
805,217.82,222.83,106.68,A,0
806,370.86,469.3,195.58,D,1
807,467.84,403.59,152.68,A,1
808,463.53,127.41,36.53,A,0
809,230.91,120.98,98.0,D,0
810,65.49,77.07,145.07,C,0
811,492.57,402.98,53.23,C,1
812,421.06,463.34,129.92,B,1
813,71.08,173.73,134.99,A,0
814,461.21,32.15,36.73,D,0
815,436.25,67.66,115.19,A,1
816,264.23,581.36,155.47,E,0
817,299.72,191.36,102.28,A,0
818,205.51,466.15,7.36,A,0
819,36.83,382.3,6.76,C,0
820,174.25,241.52,74.62,D,1
821,403.4,139.3,185.61,A,0
822,12.27,90.4,49.59,C,0
823,173.41,376.71,128.7,B,0
824,205.1,469.29,48.3,C,0
825,273.32,393.46,67.73,C,1
826,460.73,327.58,170.37,C,1
827,179.71,44.33,147.13,A,1
828,180.01,581.72,23.6,A,1
829,371.38,483.25,88.6,B,1
830,231.59,189.84,10.69,E,0
831,120.06,588.38,98.77,E,0
832,231.7,369.09,134.17,E,0
833,79.02,357.81,28.11,B,0
834,96.43,453.88,61.33,E,0
835,254.2,490.83,82.58,E,1
836,215.27,400.76,184.31,C,0
837,458.27,94.3,198.68,A,0
838,187.57,216.2,13.76,A,0
839,294.49,558.29,153.4,C,1
840,319.81,150.28,77.49,C,1
841,16.42,235.86,81.53,C,1
842,335.13,270.6,152.08,A,1
843,97.24,274.85,184.09,E,0
844,480.92,375.5,190.43,C,1
845,82.84,566.98,117.54,B,0
846,213.17,159.6,74.64,C,1
847,51.82,90.47,158.57,D,0
848,498.47,134.53,53.95,C,0
849,256.08,534.42,114.99,A,1
850,301.74,394.57,74.92,C,1
851,42.87,185.83,133.04,D,0
852,377.48,493.25,51.88,B,1
853,112.85,519.59,42.36,E,0
854,450.05,510.98,184.06,C,1
855,110.52,552.98,24.85,D,1
856,103.44,166.3,103.66,D,0
857,27.91,457.92,48.07,B,0
858,241.31,287.11,12.59,A,0
859,286.77,508.36,12.02,C,0
860,42.2,442.52,39.17,D,0
861,390.01,470.34,174.02,B,0
862,232.11,400.57,60.08,E,0
863,266.95,122.91,190.34,D,1
864,225.97,336.12,118.42,B,1
865,206.37,591.11,90.14,A,0
866,284.22,563.69,118.12,A,1
867,86.07,45.04,105.76,D,0
868,99.14,115.59,152.96,D,0
869,432.27,96.4,60.09,C,0
870,473.6,441.07,73.84,B,1
871,192.92,494.32,179.35,D,0
872,142.66,143.84,189.56,C,0
873,325.56,313.39,179.05,C,1
874,210.28,507.61,86.79,D,0
875,22.44,445.02,157.17,A,0
876,86.51,334.5,97.89,B,0
877,360.83,362.4,102.02,B,1
878,332.87,314.85,44.91,A,1
879,23.28,192.58,120.27,D,1
880,118.77,347.71,41.3,B,0
881,123.23,419.55,69.66,D,0
882,339.23,526.53,171.73,D,1
883,19.66,389.05,45.38,C,0
884,61.01,461.45,18.88,A,1
885,401.96,112.84,18.46,D,1
886,97.49,287.7,188.45,E,0
887,329.85,25.41,103.85,A,0
888,126.71,163.07,84.84,B,0
889,58.73,441.35,163.12,C,0
890,129.15,595.25,167.99,B,1
891,363.91,77.52,69.78,B,0
892,429.29,252.87,140.26,A,0
893,416.81,484.04,155.37,B,1
894,204.62,138.34,132.66,D,0
895,337.36,341.95,34.56,B,1
896,110.44,445.18,175.8,C,0
897,153.64,377.27,110.12,C,0
898,449.2,129.05,60.08,E,0
899,16.37,226.12,87.92,C,0
900,51.9,474.6,12.33,B,1
901,111.86,341.45,29.93,C,0
902,23.0,23.03,154.28,A,0
903,98.9,461.37,5.0,C,0
904,295.69,40.48,86.23,D,0
905,216.5,452.53,106.89,A,0
906,447.41,137.44,15.65,E,0
907,410.55,575.68,194.75,D,1
908,177.49,233.41,49.09,B,1
909,137.12,209.62,64.32,B,0
910,196.05,106.36,64.27,B,0
911,299.24,197.25,49.93,D,0
912,141.35,528.46,5.29,D,0
913,315.83,597.87,147.22,D,1
914,210.61,233.62,193.53,A,0
915,280.5,280.19,48.74,A,0
916,223.7,438.8,134.29,B,0
917,154.29,533.99,149.67,C,0
918,474.74,363.97,170.44,B,1
919,384.17,247.08,87.41,E,1
920,78.66,259.32,64.07,A,0
921,435.55,423.46,68.43,D,1
922,248.84,21.87,143.96,A,0
923,448.33,379.36,164.27,D,1
924,401.93,226.19,40.41,E,0
925,218.35,480.63,77.33,E,0
926,21.01,73.93,180.88,A,0
927,141.65,361.16,162.31,D,0
928,275.4,298.96,197.05,E,0
929,320.4,392.55,152.08,B,1
930,136.36,57.62,81.67,B,1
931,78.28,356.39,120.17,D,0
932,419.12,345.66,133.9,A,1
933,492.36,345.18,20.3,E,1
934,267.59,370.02,111.18,A,1
935,94.12,412.35,143.32,B,0
936,143.43,486.89,37.63,E,0
937,19.01,176.5,157.22,A,0
938,458.01,498.53,118.84,C,1
939,67.7,308.99,190.68,D,0
940,292.49,64.69,13.27,D,0
941,144.29,53.96,56.74,C,1
942,281.55,213.86,122.3,B,0
943,329.2,475.24,62.83,E,0
944,416.57,430.45,144.31,D,1
945,111.15,477.4,153.01,C,0
946,15.39,320.02,24.99,C,1
947,77.07,275.32,105.2,B,0
948,451.01,105.52,104.23,B,1
949,438.21,210.35,77.01,A,0
950,302.73,271.73,186.92,D,0
951,304.25,71.39,166.36,A,1
952,335.87,147.95,140.96,C,0
953,95.93,366.97,144.29,E,1
954,458.06,446.68,95.03,E,0
955,215.2,599.04,184.59,B,0
956,197.74,561.21,140.45,E,0
957,264.27,392.69,147.15,E,1
958,33.01,264.32,173.03,E,0
959,91.48,388.98,58.44,C,0
960,371.64,475.68,162.38,E,1
961,50.57,88.63,43.07,E,0
962,305.54,257.74,72.34,E,0
963,130.22,507.09,70.44,A,1
964,200.75,242.62,195.81,C,0
965,151.46,351.69,172.02,B,0
966,184.28,360.91,141.73,A,0
967,362.33,127.0,146.78,D,0
968,155.59,230.1,114.6,C,0
969,287.54,214.02,189.68,C,0
970,243.26,35.19,101.77,D,1
971,335.2,34.03,79.2,D,0
972,469.05,502.38,36.79,D,1
973,368.96,178.38,158.31,B,0
974,115.32,320.49,148.22,E,1
975,25.28,193.26,79.95,C,0
976,138.51,565.59,9.91,E,0
977,301.59,170.39,168.6,E,0
978,35.2,269.2,7.23,D,0
979,253.22,526.18,142.22,B,1
980,302.45,508.32,194.2,A,1
981,173.78,127.94,90.34,B,1
982,387.75,485.53,50.82,E,1
983,62.23,285.75,142.45,B,0
984,46.82,300.12,164.34,D,0
985,366.81,97.42,111.55,A,0
986,252.79,66.75,193.57,D,0
987,347.32,442.2,15.08,A,1
988,223.07,307.95,103.44,E,0
989,130.74,273.37,145.1,A,0
990,411.36,443.11,173.21,A,1
991,401.71,464.0,39.95,A,1
992,350.4,112.17,161.0,B,0
993,143.35,373.93,112.78,B,0
994,299.21,98.51,82.33,E,0
995,186.88,455.8,30.68,A,1
996,54.88,401.03,173.73,C,0
997,459.48,574.84,35.67,E,1
998,77.04,60.0,65.41,A,1
999,475.62,53.09,61.56,A,1
1000,228.54,183.67,174.93,B,0
